1,Reviewer_1,3
2,Reviewer_2,3
3,Reviewer_3,1
4,Reviewer_4,3
5,Reviewer_5,3
6,Reviewer_6,1
7,Reviewer_7,1
8,Reviewer_8,1
9,Reviewer_9,3
10,Reviewer_10,2
11,Reviewer_11,1
12,Reviewer_12,3
13,Reviewer_13,1
14,Reviewer_14,2
15,Reviewer_15,2
16,Reviewer_16,1
17,Reviewer_17,2
18,Reviewer_18,1
19,Reviewer_19,3
20,Reviewer_20,2
21,Reviewer_21,2
22,Reviewer_22,1
23,Reviewer_23,1
24,Reviewer_24,3
25,Reviewer_25,1
26,Reviewer_26,3
27,Reviewer_27,3
28,Reviewer_28,3
29,Reviewer_29,1
30,Reviewer_30,1
31,Reviewer_31,2
32,Reviewer_32,1
33,Reviewer_33,2
34,Reviewer_34,3
35,Reviewer_35,3
36,Reviewer_36,1
37,Reviewer_37,3
38,Reviewer_38,1
39,Reviewer_39,1
40,Reviewer_40,2
41,Reviewer_41,3
42,Reviewer_42,2
43,Reviewer_43,3
44,Reviewer_44,2
45,Reviewer_45,3
46,Reviewer_46,3
47,Reviewer_47,1
48,Reviewer_48,3
49,Reviewer_49,2
50,Reviewer_50,2
51,Reviewer_51,3
52,Reviewer_52,3
53,Reviewer_53,1
54,Reviewer_54,2
55,Reviewer_55,1
56,Reviewer_56,2
57,Reviewer_57,3
58,Reviewer_58,2
59,Reviewer_59,2
60,Reviewer_60,3
61,Reviewer_61,2
62,Reviewer_62,3
63,Reviewer_63,2
64,Reviewer_64,3
65,Reviewer_65,2
66,Reviewer_66,2
67,Reviewer_67,1
68,Reviewer_68,1
69,Reviewer_69,1
70,Reviewer_70,2
71,Reviewer_71,2
72,Reviewer_72,2
73,Reviewer_73,2
74,Reviewer_74,1
75,Reviewer_75,3
76,Reviewer_76,2
77,Reviewer_77,1
78,Reviewer_78,1
79,Reviewer_79,2
80,Reviewer_80,2
81,Reviewer_81,3
82,Reviewer_82,1
83,Reviewer_83,2
84,Reviewer_84,3
85,Reviewer_85,2
86,Reviewer_86,3
87,Reviewer_87,1
88,Reviewer_88,2
89,Reviewer_89,2
90,Reviewer_90,3
91,Reviewer_91,2
92,Reviewer_92,3
93,Reviewer_93,1
94,Reviewer_94,1
95,Reviewer_95,2
96,Reviewer_96,2
97,Reviewer_97,3
98,Reviewer_98,1
99,Reviewer_99,2
100,Reviewer_100,1
101,Reviewer_101,3
102,Reviewer_102,2
103,Reviewer_103,2
104,Reviewer_104,3
105,Reviewer_105,2
106,Reviewer_106,2
107,Reviewer_107,2
108,Reviewer_108,2
109,Reviewer_109,2
110,Reviewer_110,2
111,Reviewer_111,2
112,Reviewer_112,1
113,Reviewer_113,2
114,Reviewer_114,2
115,Reviewer_115,3
116,Reviewer_116,1
117,Reviewer_117,2
118,Reviewer_118,3
119,Reviewer_119,1
120,Reviewer_120,2
121,Reviewer_121,2
122,Reviewer_122,2
123,Reviewer_123,1
124,Reviewer_124,3
125,Reviewer_125,1
126,Reviewer_126,3
127,Reviewer_127,1
128,Reviewer_128,3
129,Reviewer_129,1
130,Reviewer_130,3
131,Reviewer_131,3
132,Reviewer_132,2
133,Reviewer_133,1
134,Reviewer_134,3
135,Reviewer_135,3
136,Reviewer_136,1
137,Reviewer_137,3
138,Reviewer_138,1
139,Reviewer_139,2
140,Reviewer_140,1
141,Reviewer_141,3
142,Reviewer_142,2
143,Reviewer_143,2
144,Reviewer_144,3
145,Reviewer_145,1
146,Reviewer_146,3
147,Reviewer_147,1
148,Reviewer_148,3
149,Reviewer_149,1
150,Reviewer_150,2
151,Reviewer_151,3
152,Reviewer_152,1
153,Reviewer_153,1
154,Reviewer_154,3
155,Reviewer_155,2
156,Reviewer_156,3
157,Reviewer_157,1
158,Reviewer_158,2
159,Reviewer_159,1
160,Reviewer_160,2
161,Reviewer_161,2
162,Reviewer_162,2
163,Reviewer_163,1
164,Reviewer_164,3
165,Reviewer_165,3
166,Reviewer_166,1
167,Reviewer_167,1
168,Reviewer_168,1
169,Reviewer_169,1
170,Reviewer_170,3
171,Reviewer_171,1
172,Reviewer_172,3
173,Reviewer_173,2
174,Reviewer_174,2
175,Reviewer_175,1
176,Reviewer_176,1
177,Reviewer_177,2
178,Reviewer_178,2
179,Reviewer_179,1
180,Reviewer_180,1
181,Reviewer_181,3
182,Reviewer_182,3
183,Reviewer_183,1
184,Reviewer_184,1
185,Reviewer_185,2
186,Reviewer_186,3
187,Reviewer_187,1
188,Reviewer_188,2
189,Reviewer_189,3
190,Reviewer_190,2
191,Reviewer_191,1
192,Reviewer_192,3
193,Reviewer_193,2
194,Reviewer_194,1
195,Reviewer_195,1
196,Reviewer_196,1
197,Reviewer_197,3
198,Reviewer_198,3
199,Reviewer_199,3
200,Reviewer_200,3
201,Reviewer_201,2
202,Reviewer_202,1
203,Reviewer_203,1
204,Reviewer_204,3
205,Reviewer_205,3
206,Reviewer_206,3
207,Reviewer_207,1
208,Reviewer_208,1
209,Reviewer_209,3
210,Reviewer_210,3
211,Reviewer_211,2
212,Reviewer_212,1
213,Reviewer_213,3
214,Reviewer_214,2
215,Reviewer_215,2
216,Reviewer_216,2
217,Reviewer_217,3
218,Reviewer_218,3
219,Reviewer_219,1
220,Reviewer_220,2
221,Reviewer_221,2
222,Reviewer_222,2
223,Reviewer_223,1
224,Reviewer_224,1
225,Reviewer_225,2
226,Reviewer_226,3
227,Reviewer_227,3
228,Reviewer_228,2
229,Reviewer_229,2
230,Reviewer_230,2
231,Reviewer_231,2
232,Reviewer_232,1
233,Reviewer_233,1
234,Reviewer_234,2
235,Reviewer_235,3
236,Reviewer_236,2
237,Reviewer_237,2
238,Reviewer_238,2
239,Reviewer_239,3
240,Reviewer_240,3
241,Reviewer_241,3
242,Reviewer_242,1
243,Reviewer_243,2
244,Reviewer_244,1
245,Reviewer_245,2
246,Reviewer_246,3
247,Reviewer_247,2
248,Reviewer_248,2
249,Reviewer_249,3
250,Reviewer_250,3
251,Reviewer_251,1
252,Reviewer_252,2
253,Reviewer_253,1
254,Reviewer_254,3
255,Reviewer_255,1
256,Reviewer_256,2
257,Reviewer_257,1
258,Reviewer_258,2
259,Reviewer_259,2
260,Reviewer_260,2
261,Reviewer_261,3
262,Reviewer_262,1
263,Reviewer_263,3
264,Reviewer_264,2
265,Reviewer_265,2
266,Reviewer_266,1
267,Reviewer_267,3
268,Reviewer_268,1
269,Reviewer_269,1
270,Reviewer_270,3
271,Reviewer_271,1
272,Reviewer_272,1
273,Reviewer_273,2
274,Reviewer_274,3
275,Reviewer_275,1
276,Reviewer_276,1
277,Reviewer_277,1
278,Reviewer_278,2
279,Reviewer_279,3
280,Reviewer_280,2
281,Reviewer_281,3
282,Reviewer_282,3
283,Reviewer_283,3
284,Reviewer_284,1
285,Reviewer_285,1
286,Reviewer_286,2
287,Reviewer_287,2
288,Reviewer_288,2
289,Reviewer_289,2
290,Reviewer_290,3
291,Reviewer_291,2
292,Reviewer_292,1
293,Reviewer_293,1
294,Reviewer_294,2
295,Reviewer_295,3
296,Reviewer_296,3
297,Reviewer_297,3
298,Reviewer_298,2
299,Reviewer_299,1
300,Reviewer_300,2
301,Reviewer_301,3
302,Reviewer_302,1
303,Reviewer_303,3
304,Reviewer_304,2
305,Reviewer_305,3
306,Reviewer_306,2
307,Reviewer_307,2
308,Reviewer_308,3
309,Reviewer_309,1
310,Reviewer_310,2
311,Reviewer_311,2
312,Reviewer_312,3
313,Reviewer_313,2
314,Reviewer_314,3
315,Reviewer_315,3
316,Reviewer_316,3
317,Reviewer_317,3
318,Reviewer_318,1
319,Reviewer_319,1
320,Reviewer_320,2
321,Reviewer_321,3
322,Reviewer_322,1
323,Reviewer_323,2
324,Reviewer_324,1
325,Reviewer_325,1
326,Reviewer_326,1
327,Reviewer_327,3
328,Reviewer_328,3
329,Reviewer_329,1
330,Reviewer_330,1
331,Reviewer_331,1
332,Reviewer_332,2
333,Reviewer_333,1
334,Reviewer_334,1
335,Reviewer_335,2
336,Reviewer_336,2
337,Reviewer_337,1
338,Reviewer_338,3
339,Reviewer_339,3
340,Reviewer_340,2
341,Reviewer_341,1
342,Reviewer_342,3
343,Reviewer_343,3
344,Reviewer_344,2
345,Reviewer_345,2
346,Reviewer_346,1
347,Reviewer_347,2
348,Reviewer_348,1
349,Reviewer_349,2
350,Reviewer_350,2
351,Reviewer_351,3
352,Reviewer_352,3
353,Reviewer_353,2
354,Reviewer_354,3
355,Reviewer_355,2
356,Reviewer_356,3
357,Reviewer_357,2
358,Reviewer_358,3
359,Reviewer_359,3
360,Reviewer_360,1
361,Reviewer_361,1
362,Reviewer_362,2
363,Reviewer_363,3
364,Reviewer_364,3
365,Reviewer_365,1
366,Reviewer_366,3
367,Reviewer_367,3
368,Reviewer_368,2
369,Reviewer_369,3
370,Reviewer_370,3
371,Reviewer_371,2
372,Reviewer_372,2
373,Reviewer_373,2
374,Reviewer_374,1
375,Reviewer_375,2
376,Reviewer_376,3
377,Reviewer_377,3
378,Reviewer_378,1
379,Reviewer_379,1
380,Reviewer_380,3
381,Reviewer_381,3
382,Reviewer_382,2
383,Reviewer_383,1
384,Reviewer_384,2
385,Reviewer_385,2
386,Reviewer_386,1
387,Reviewer_387,1
388,Reviewer_388,2
389,Reviewer_389,1
390,Reviewer_390,1
391,Reviewer_391,2
392,Reviewer_392,3
393,Reviewer_393,1
394,Reviewer_394,1
395,Reviewer_395,3
396,Reviewer_396,1
397,Reviewer_397,3
398,Reviewer_398,2
399,Reviewer_399,2
400,Reviewer_400,1
401,Reviewer_401,1
402,Reviewer_402,3
403,Reviewer_403,2
404,Reviewer_404,3
405,Reviewer_405,1
406,Reviewer_406,1
407,Reviewer_407,2
408,Reviewer_408,3
409,Reviewer_409,3
410,Reviewer_410,1
411,Reviewer_411,2
412,Reviewer_412,3
413,Reviewer_413,1
414,Reviewer_414,1
415,Reviewer_415,2
416,Reviewer_416,2
417,Reviewer_417,2
418,Reviewer_418,3
419,Reviewer_419,3
420,Reviewer_420,2
421,Reviewer_421,2
422,Reviewer_422,3
423,Reviewer_423,2
424,Reviewer_424,2
425,Reviewer_425,3
426,Reviewer_426,3
427,Reviewer_427,3
428,Reviewer_428,3
429,Reviewer_429,1
430,Reviewer_430,1
431,Reviewer_431,3
432,Reviewer_432,1
433,Reviewer_433,1
434,Reviewer_434,3
435,Reviewer_435,1
436,Reviewer_436,2
437,Reviewer_437,1
438,Reviewer_438,2
439,Reviewer_439,3
440,Reviewer_440,1
441,Reviewer_441,1
442,Reviewer_442,3
443,Reviewer_443,3
444,Reviewer_444,3
445,Reviewer_445,2
446,Reviewer_446,2
447,Reviewer_447,3
448,Reviewer_448,3
449,Reviewer_449,3
450,Reviewer_450,2
451,Reviewer_451,3
452,Reviewer_452,3
453,Reviewer_453,3
454,Reviewer_454,2
455,Reviewer_455,1
456,Reviewer_456,1
457,Reviewer_457,1
458,Reviewer_458,1
459,Reviewer_459,1
460,Reviewer_460,1
461,Reviewer_461,3
462,Reviewer_462,1
463,Reviewer_463,1
464,Reviewer_464,1
465,Reviewer_465,2
466,Reviewer_466,1
467,Reviewer_467,2
468,Reviewer_468,1
469,Reviewer_469,1
470,Reviewer_470,1
471,Reviewer_471,3
472,Reviewer_472,2
473,Reviewer_473,2
474,Reviewer_474,3
475,Reviewer_475,2
476,Reviewer_476,2
477,Reviewer_477,2
478,Reviewer_478,3
479,Reviewer_479,1
480,Reviewer_480,1
481,Reviewer_481,3
482,Reviewer_482,2
483,Reviewer_483,2
484,Reviewer_484,2
485,Reviewer_485,3
486,Reviewer_486,2
487,Reviewer_487,2
488,Reviewer_488,2
489,Reviewer_489,3
490,Reviewer_490,2
491,Reviewer_491,3
492,Reviewer_492,1
493,Reviewer_493,3
494,Reviewer_494,1
495,Reviewer_495,1
496,Reviewer_496,3
497,Reviewer_497,2
498,Reviewer_498,3
499,Reviewer_499,1
500,Reviewer_500,2
501,Reviewer_501,3
502,Reviewer_502,2
503,Reviewer_503,2
504,Reviewer_504,3
505,Reviewer_505,2
506,Reviewer_506,3
507,Reviewer_507,1
508,Reviewer_508,3
509,Reviewer_509,2
510,Reviewer_510,3
511,Reviewer_511,2
512,Reviewer_512,1
513,Reviewer_513,1
514,Reviewer_514,2
515,Reviewer_515,2
516,Reviewer_516,3
517,Reviewer_517,2
518,Reviewer_518,3
519,Reviewer_519,2
520,Reviewer_520,1
521,Reviewer_521,3
522,Reviewer_522,3
523,Reviewer_523,1
524,Reviewer_524,2
525,Reviewer_525,2
526,Reviewer_526,1
527,Reviewer_527,3
528,Reviewer_528,1
529,Reviewer_529,1
530,Reviewer_530,2
531,Reviewer_531,2
532,Reviewer_532,3
533,Reviewer_533,1
534,Reviewer_534,1
535,Reviewer_535,3
536,Reviewer_536,2
537,Reviewer_537,2
538,Reviewer_538,1
539,Reviewer_539,2
540,Reviewer_540,2
541,Reviewer_541,3
542,Reviewer_542,1
543,Reviewer_543,3
544,Reviewer_544,2
545,Reviewer_545,1
546,Reviewer_546,3
547,Reviewer_547,2
548,Reviewer_548,3
549,Reviewer_549,2
550,Reviewer_550,2
551,Reviewer_551,1
552,Reviewer_552,3
553,Reviewer_553,3
554,Reviewer_554,2
555,Reviewer_555,2
556,Reviewer_556,3
557,Reviewer_557,1
558,Reviewer_558,3
559,Reviewer_559,1
560,Reviewer_560,3
561,Reviewer_561,2
562,Reviewer_562,3
563,Reviewer_563,3
564,Reviewer_564,2
565,Reviewer_565,2
566,Reviewer_566,1
567,Reviewer_567,2
568,Reviewer_568,3
569,Reviewer_569,3
570,Reviewer_570,3
571,Reviewer_571,1
572,Reviewer_572,1
573,Reviewer_573,2
574,Reviewer_574,1
575,Reviewer_575,3
576,Reviewer_576,3
577,Reviewer_577,1
578,Reviewer_578,3
579,Reviewer_579,3
580,Reviewer_580,1
581,Reviewer_581,1
582,Reviewer_582,1
583,Reviewer_583,2
584,Reviewer_584,1
585,Reviewer_585,1
586,Reviewer_586,2
587,Reviewer_587,3
588,Reviewer_588,3
589,Reviewer_589,1
590,Reviewer_590,2
591,Reviewer_591,1
592,Reviewer_592,3
593,Reviewer_593,2
594,Reviewer_594,1
595,Reviewer_595,3
596,Reviewer_596,3
597,Reviewer_597,3
598,Reviewer_598,1
599,Reviewer_599,2
600,Reviewer_600,3
601,Reviewer_601,2
602,Reviewer_602,3
603,Reviewer_603,1
604,Reviewer_604,3
605,Reviewer_605,3
606,Reviewer_606,2
607,Reviewer_607,3
608,Reviewer_608,1
609,Reviewer_609,3
610,Reviewer_610,2
611,Reviewer_611,2
612,Reviewer_612,3
613,Reviewer_613,3
614,Reviewer_614,1
615,Reviewer_615,1
616,Reviewer_616,1
617,Reviewer_617,3
618,Reviewer_618,1
619,Reviewer_619,3
620,Reviewer_620,2
621,Reviewer_621,1
622,Reviewer_622,1
623,Reviewer_623,2
624,Reviewer_624,1
625,Reviewer_625,2
626,Reviewer_626,3
627,Reviewer_627,1
628,Reviewer_628,3
629,Reviewer_629,3
630,Reviewer_630,2
631,Reviewer_631,1
632,Reviewer_632,3
633,Reviewer_633,3
634,Reviewer_634,1
635,Reviewer_635,2
636,Reviewer_636,2
637,Reviewer_637,3
638,Reviewer_638,2
639,Reviewer_639,1
640,Reviewer_640,2
641,Reviewer_641,2
642,Reviewer_642,3
643,Reviewer_643,3
644,Reviewer_644,1
645,Reviewer_645,3
646,Reviewer_646,2
647,Reviewer_647,1
648,Reviewer_648,1
649,Reviewer_649,1
650,Reviewer_650,1
651,Reviewer_651,3
652,Reviewer_652,1
653,Reviewer_653,1
654,Reviewer_654,2
655,Reviewer_655,3
656,Reviewer_656,3
657,Reviewer_657,1
658,Reviewer_658,1
659,Reviewer_659,1
660,Reviewer_660,1
661,Reviewer_661,3
662,Reviewer_662,2
663,Reviewer_663,2
664,Reviewer_664,1
665,Reviewer_665,3
666,Reviewer_666,1
667,Reviewer_667,2
668,Reviewer_668,3
669,Reviewer_669,3
670,Reviewer_670,1
671,Reviewer_671,3
672,Reviewer_672,3
673,Reviewer_673,1
674,Reviewer_674,2
675,Reviewer_675,1
676,Reviewer_676,2
677,Reviewer_677,3
678,Reviewer_678,2
679,Reviewer_679,1
680,Reviewer_680,2
681,Reviewer_681,1
682,Reviewer_682,3
683,Reviewer_683,2
684,Reviewer_684,2
685,Reviewer_685,1
686,Reviewer_686,1
687,Reviewer_687,2
688,Reviewer_688,1
689,Reviewer_689,1
690,Reviewer_690,2
691,Reviewer_691,2
692,Reviewer_692,3
693,Reviewer_693,2
694,Reviewer_694,2
695,Reviewer_695,1
696,Reviewer_696,2
697,Reviewer_697,2
698,Reviewer_698,3
699,Reviewer_699,2
700,Reviewer_700,2
701,Reviewer_701,3
702,Reviewer_702,3
703,Reviewer_703,2
704,Reviewer_704,3
705,Reviewer_705,3
706,Reviewer_706,1
707,Reviewer_707,1
708,Reviewer_708,3
709,Reviewer_709,2
710,Reviewer_710,1
711,Reviewer_711,3
712,Reviewer_712,3
713,Reviewer_713,1
714,Reviewer_714,3
715,Reviewer_715,2
716,Reviewer_716,2
717,Reviewer_717,3
718,Reviewer_718,3
719,Reviewer_719,2
720,Reviewer_720,1
721,Reviewer_721,2
722,Reviewer_722,3
723,Reviewer_723,3
724,Reviewer_724,3
725,Reviewer_725,3
726,Reviewer_726,2
727,Reviewer_727,1
728,Reviewer_728,3
729,Reviewer_729,1
730,Reviewer_730,2
731,Reviewer_731,1
732,Reviewer_732,2
733,Reviewer_733,2
734,Reviewer_734,1
735,Reviewer_735,1
736,Reviewer_736,3
737,Reviewer_737,3
738,Reviewer_738,3
739,Reviewer_739,1
740,Reviewer_740,2
741,Reviewer_741,1
742,Reviewer_742,2
743,Reviewer_743,3
744,Reviewer_744,2
745,Reviewer_745,2
746,Reviewer_746,3
747,Reviewer_747,2
748,Reviewer_748,3
749,Reviewer_749,3
750,Reviewer_750,1
751,Reviewer_751,2
752,Reviewer_752,3
753,Reviewer_753,1
754,Reviewer_754,3
755,Reviewer_755,2
756,Reviewer_756,1
757,Reviewer_757,1
758,Reviewer_758,2
759,Reviewer_759,2
760,Reviewer_760,2
761,Reviewer_761,2
762,Reviewer_762,3
763,Reviewer_763,1
764,Reviewer_764,1
765,Reviewer_765,2
766,Reviewer_766,2
767,Reviewer_767,1
768,Reviewer_768,2
769,Reviewer_769,3
770,Reviewer_770,1
771,Reviewer_771,1
772,Reviewer_772,2
773,Reviewer_773,3
774,Reviewer_774,2
775,Reviewer_775,3
776,Reviewer_776,3
777,Reviewer_777,3
778,Reviewer_778,2
779,Reviewer_779,3
780,Reviewer_780,2
781,Reviewer_781,2
782,Reviewer_782,1
783,Reviewer_783,2
784,Reviewer_784,3
785,Reviewer_785,2
786,Reviewer_786,3
787,Reviewer_787,2
788,Reviewer_788,2
789,Reviewer_789,3
790,Reviewer_790,2
791,Reviewer_791,2
792,Reviewer_792,1
793,Reviewer_793,1
794,Reviewer_794,3
795,Reviewer_795,1
796,Reviewer_796,2
797,Reviewer_797,2
798,Reviewer_798,2
799,Reviewer_799,3
800,Reviewer_800,2
801,Reviewer_801,3
802,Reviewer_802,1
803,Reviewer_803,1
804,Reviewer_804,3
805,Reviewer_805,1
806,Reviewer_806,2
807,Reviewer_807,3
808,Reviewer_808,3
809,Reviewer_809,3
810,Reviewer_810,1
811,Reviewer_811,3
812,Reviewer_812,1
813,Reviewer_813,1
814,Reviewer_814,3
815,Reviewer_815,2
816,Reviewer_816,1
817,Reviewer_817,1
818,Reviewer_818,2
819,Reviewer_819,1
820,Reviewer_820,2
821,Reviewer_821,2
822,Reviewer_822,2
823,Reviewer_823,1
824,Reviewer_824,2
825,Reviewer_825,1
826,Reviewer_826,3
827,Reviewer_827,1
828,Reviewer_828,1
829,Reviewer_829,1
830,Reviewer_830,2
831,Reviewer_831,2
832,Reviewer_832,1
833,Reviewer_833,1
834,Reviewer_834,1
835,Reviewer_835,1
836,Reviewer_836,2
837,Reviewer_837,1
838,Reviewer_838,3
839,Reviewer_839,1
840,Reviewer_840,1
841,Reviewer_841,3
842,Reviewer_842,3
843,Reviewer_843,2
844,Reviewer_844,1
845,Reviewer_845,2
846,Reviewer_846,1
847,Reviewer_847,2
848,Reviewer_848,1
849,Reviewer_849,2
850,Reviewer_850,3
851,Reviewer_851,3
852,Reviewer_852,2
853,Reviewer_853,3
854,Reviewer_854,1
855,Reviewer_855,2
856,Reviewer_856,3
857,Reviewer_857,2
858,Reviewer_858,2
859,Reviewer_859,3
860,Reviewer_860,1
861,Reviewer_861,1
862,Reviewer_862,2
863,Reviewer_863,1
864,Reviewer_864,2
865,Reviewer_865,1
866,Reviewer_866,2
867,Reviewer_867,2
868,Reviewer_868,2
869,Reviewer_869,3
870,Reviewer_870,3
871,Reviewer_871,2
872,Reviewer_872,3
873,Reviewer_873,2
874,Reviewer_874,3
875,Reviewer_875,1
876,Reviewer_876,2
877,Reviewer_877,2
878,Reviewer_878,3
879,Reviewer_879,3
880,Reviewer_880,3
881,Reviewer_881,1
882,Reviewer_882,1
883,Reviewer_883,3
884,Reviewer_884,1
885,Reviewer_885,1
886,Reviewer_886,2
887,Reviewer_887,2
888,Reviewer_888,2
889,Reviewer_889,3
890,Reviewer_890,1
891,Reviewer_891,3
892,Reviewer_892,3
893,Reviewer_893,2
894,Reviewer_894,1
895,Reviewer_895,3
896,Reviewer_896,1
897,Reviewer_897,1
898,Reviewer_898,2
899,Reviewer_899,1
900,Reviewer_900,1
901,Reviewer_901,1
902,Reviewer_902,2
903,Reviewer_903,2
904,Reviewer_904,1
905,Reviewer_905,2
906,Reviewer_906,2
907,Reviewer_907,3
908,Reviewer_908,1
909,Reviewer_909,2
910,Reviewer_910,1
911,Reviewer_911,2
912,Reviewer_912,2
913,Reviewer_913,2
914,Reviewer_914,3
915,Reviewer_915,2
916,Reviewer_916,1
917,Reviewer_917,2
918,Reviewer_918,2
919,Reviewer_919,1
920,Reviewer_920,1
921,Reviewer_921,2
922,Reviewer_922,3
923,Reviewer_923,3
924,Reviewer_924,1
925,Reviewer_925,2
926,Reviewer_926,1
927,Reviewer_927,2
928,Reviewer_928,3
929,Reviewer_929,3
930,Reviewer_930,1
931,Reviewer_931,3
932,Reviewer_932,2
933,Reviewer_933,1
934,Reviewer_934,1
935,Reviewer_935,2
936,Reviewer_936,1
937,Reviewer_937,3
938,Reviewer_938,3
939,Reviewer_939,2
940,Reviewer_940,3
941,Reviewer_941,2
942,Reviewer_942,1
943,Reviewer_943,2
944,Reviewer_944,3
945,Reviewer_945,3
946,Reviewer_946,2
947,Reviewer_947,2
948,Reviewer_948,1
949,Reviewer_949,2
950,Reviewer_950,2
951,Reviewer_951,2
952,Reviewer_952,3
953,Reviewer_953,3
954,Reviewer_954,1
955,Reviewer_955,3
956,Reviewer_956,2
957,Reviewer_957,3
958,Reviewer_958,2
959,Reviewer_959,2
960,Reviewer_960,3
961,Reviewer_961,2
962,Reviewer_962,3
963,Reviewer_963,2
964,Reviewer_964,1
965,Reviewer_965,1
966,Reviewer_966,2
967,Reviewer_967,3
968,Reviewer_968,2
969,Reviewer_969,3
970,Reviewer_970,1
971,Reviewer_971,1
972,Reviewer_972,1
973,Reviewer_973,2
974,Reviewer_974,3
975,Reviewer_975,3
976,Reviewer_976,2
977,Reviewer_977,1
978,Reviewer_978,3
979,Reviewer_979,3
980,Reviewer_980,3
981,Reviewer_981,2
982,Reviewer_982,2
983,Reviewer_983,1
984,Reviewer_984,2
985,Reviewer_985,2
986,Reviewer_986,1
987,Reviewer_987,1
988,Reviewer_988,2
989,Reviewer_989,2
990,Reviewer_990,2
991,Reviewer_991,1
992,Reviewer_992,3
993,Reviewer_993,3
994,Reviewer_994,2
995,Reviewer_995,2
996,Reviewer_996,2
997,Reviewer_997,2
998,Reviewer_998,3
999,Reviewer_999,2
1000,Reviewer_1000,1
1001,Reviewer_1001,3
1002,Reviewer_1002,2
1003,Reviewer_1003,1
1004,Reviewer_1004,2
1005,Reviewer_1005,2
1006,Reviewer_1006,2
1007,Reviewer_1007,1
1008,Reviewer_1008,2
1009,Reviewer_1009,2
1010,Reviewer_1010,2
1011,Reviewer_1011,3
1012,Reviewer_1012,1
1013,Reviewer_1013,3
1014,Reviewer_1014,1
1015,Reviewer_1015,2
1016,Reviewer_1016,3
1017,Reviewer_1017,1
1018,Reviewer_1018,3
1019,Reviewer_1019,3
1020,Reviewer_1020,2
1021,Reviewer_1021,1
1022,Reviewer_1022,1
1023,Reviewer_1023,1
1024,Reviewer_1024,3
1025,Reviewer_1025,1
1026,Reviewer_1026,1
1027,Reviewer_1027,3
1028,Reviewer_1028,1
1029,Reviewer_1029,3
1030,Reviewer_1030,2
1031,Reviewer_1031,2
1032,Reviewer_1032,2
1033,Reviewer_1033,2
1034,Reviewer_1034,2
1035,Reviewer_1035,3
1036,Reviewer_1036,3
1037,Reviewer_1037,1
1038,Reviewer_1038,3
1039,Reviewer_1039,3
1040,Reviewer_1040,3
1041,Reviewer_1041,2
1042,Reviewer_1042,1
1043,Reviewer_1043,1
1044,Reviewer_1044,2
1045,Reviewer_1045,2
1046,Reviewer_1046,1
1047,Reviewer_1047,1
1048,Reviewer_1048,3
1049,Reviewer_1049,3
1050,Reviewer_1050,3
1051,Reviewer_1051,1
1052,Reviewer_1052,2
1053,Reviewer_1053,3
1054,Reviewer_1054,3
1055,Reviewer_1055,1
1056,Reviewer_1056,2
1057,Reviewer_1057,3
1058,Reviewer_1058,3
1059,Reviewer_1059,2
1060,Reviewer_1060,2
1061,Reviewer_1061,2
1062,Reviewer_1062,1
1063,Reviewer_1063,1
1064,Reviewer_1064,3
1065,Reviewer_1065,2
1066,Reviewer_1066,3
1067,Reviewer_1067,3
1068,Reviewer_1068,3
1069,Reviewer_1069,1
1070,Reviewer_1070,2
1071,Reviewer_1071,1
1072,Reviewer_1072,1
1073,Reviewer_1073,3
1074,Reviewer_1074,2
1075,Reviewer_1075,2
1076,Reviewer_1076,3
1077,Reviewer_1077,3
1078,Reviewer_1078,3
1079,Reviewer_1079,1
1080,Reviewer_1080,3
1081,Reviewer_1081,1
1082,Reviewer_1082,2
1083,Reviewer_1083,3
1084,Reviewer_1084,2
1085,Reviewer_1085,1
1086,Reviewer_1086,2
1087,Reviewer_1087,2
1088,Reviewer_1088,3
1089,Reviewer_1089,3
1090,Reviewer_1090,1
1091,Reviewer_1091,2
1092,Reviewer_1092,3
1093,Reviewer_1093,3
1094,Reviewer_1094,1
1095,Reviewer_1095,3
1096,Reviewer_1096,2
1097,Reviewer_1097,1
1098,Reviewer_1098,3
1099,Reviewer_1099,2
1100,Reviewer_1100,2
1101,Reviewer_1101,1
1102,Reviewer_1102,2
1103,Reviewer_1103,1
1104,Reviewer_1104,1
1105,Reviewer_1105,2
1106,Reviewer_1106,3
1107,Reviewer_1107,1
1108,Reviewer_1108,2
1109,Reviewer_1109,2
1110,Reviewer_1110,2
1111,Reviewer_1111,3
1112,Reviewer_1112,3
1113,Reviewer_1113,2
1114,Reviewer_1114,1
1115,Reviewer_1115,1
1116,Reviewer_1116,1
1117,Reviewer_1117,1
1118,Reviewer_1118,3
1119,Reviewer_1119,2
1120,Reviewer_1120,1
1121,Reviewer_1121,1
1122,Reviewer_1122,3
1123,Reviewer_1123,2
1124,Reviewer_1124,3
1125,Reviewer_1125,3
1126,Reviewer_1126,3
1127,Reviewer_1127,2
1128,Reviewer_1128,3
1129,Reviewer_1129,2
1130,Reviewer_1130,3
1131,Reviewer_1131,3
1132,Reviewer_1132,2
1133,Reviewer_1133,3
1134,Reviewer_1134,2
1135,Reviewer_1135,2
1136,Reviewer_1136,3
1137,Reviewer_1137,1
1138,Reviewer_1138,2
1139,Reviewer_1139,2
1140,Reviewer_1140,2
1141,Reviewer_1141,2
1142,Reviewer_1142,2
1143,Reviewer_1143,1
1144,Reviewer_1144,2
1145,Reviewer_1145,3
1146,Reviewer_1146,2
1147,Reviewer_1147,1
1148,Reviewer_1148,3
1149,Reviewer_1149,3
1150,Reviewer_1150,1
1151,Reviewer_1151,3
1152,Reviewer_1152,2
1153,Reviewer_1153,2
1154,Reviewer_1154,2
1155,Reviewer_1155,1
1156,Reviewer_1156,3
1157,Reviewer_1157,3
1158,Reviewer_1158,1
1159,Reviewer_1159,3
1160,Reviewer_1160,2
1161,Reviewer_1161,3
1162,Reviewer_1162,2
1163,Reviewer_1163,1
1164,Reviewer_1164,1
1165,Reviewer_1165,3
1166,Reviewer_1166,3
1167,Reviewer_1167,2
1168,Reviewer_1168,2
1169,Reviewer_1169,2
1170,Reviewer_1170,2
1171,Reviewer_1171,2
1172,Reviewer_1172,3
1173,Reviewer_1173,2
1174,Reviewer_1174,1
1175,Reviewer_1175,1
1176,Reviewer_1176,3
1177,Reviewer_1177,3
1178,Reviewer_1178,1
1179,Reviewer_1179,3
1180,Reviewer_1180,2
1181,Reviewer_1181,3
1182,Reviewer_1182,2
1183,Reviewer_1183,2
1184,Reviewer_1184,1
1185,Reviewer_1185,2
1186,Reviewer_1186,3
1187,Reviewer_1187,3
1188,Reviewer_1188,2
1189,Reviewer_1189,1
1190,Reviewer_1190,2
1191,Reviewer_1191,3
1192,Reviewer_1192,1
1193,Reviewer_1193,2
1194,Reviewer_1194,3
1195,Reviewer_1195,1
1196,Reviewer_1196,1
1197,Reviewer_1197,2
1198,Reviewer_1198,1
1199,Reviewer_1199,1
1200,Reviewer_1200,1
1201,Reviewer_1201,3
1202,Reviewer_1202,2
1203,Reviewer_1203,1
1204,Reviewer_1204,1
1205,Reviewer_1205,3
1206,Reviewer_1206,2
1207,Reviewer_1207,3
1208,Reviewer_1208,2
1209,Reviewer_1209,2
1210,Reviewer_1210,1
1211,Reviewer_1211,2
1212,Reviewer_1212,3
1213,Reviewer_1213,2
1214,Reviewer_1214,2
1215,Reviewer_1215,2
1216,Reviewer_1216,3
1217,Reviewer_1217,1
1218,Reviewer_1218,3
1219,Reviewer_1219,3
1220,Reviewer_1220,3
1221,Reviewer_1221,3
1222,Reviewer_1222,2
1223,Reviewer_1223,3
1224,Reviewer_1224,3
1225,Reviewer_1225,3
1226,Reviewer_1226,2
1227,Reviewer_1227,1
1228,Reviewer_1228,2
1229,Reviewer_1229,2
1230,Reviewer_1230,2
1231,Reviewer_1231,2
1232,Reviewer_1232,2
1233,Reviewer_1233,1
1234,Reviewer_1234,1
1235,Reviewer_1235,2
1236,Reviewer_1236,2
1237,Reviewer_1237,1
1238,Reviewer_1238,3
1239,Reviewer_1239,2
1240,Reviewer_1240,2
1241,Reviewer_1241,3
1242,Reviewer_1242,1
1243,Reviewer_1243,3
1244,Reviewer_1244,1
1245,Reviewer_1245,2
1246,Reviewer_1246,3
1247,Reviewer_1247,3
1248,Reviewer_1248,2
1249,Reviewer_1249,2
1250,Reviewer_1250,2
1251,Reviewer_1251,1
1252,Reviewer_1252,3
1253,Reviewer_1253,1
1254,Reviewer_1254,3
1255,Reviewer_1255,1
1256,Reviewer_1256,1
1257,Reviewer_1257,3
1258,Reviewer_1258,3
1259,Reviewer_1259,3
1260,Reviewer_1260,1
1261,Reviewer_1261,3
1262,Reviewer_1262,3
1263,Reviewer_1263,3
1264,Reviewer_1264,2
1265,Reviewer_1265,1
1266,Reviewer_1266,2
1267,Reviewer_1267,3
1268,Reviewer_1268,1
1269,Reviewer_1269,1
1270,Reviewer_1270,3
1271,Reviewer_1271,3
1272,Reviewer_1272,2
1273,Reviewer_1273,3
1274,Reviewer_1274,1
1275,Reviewer_1275,2
1276,Reviewer_1276,1
1277,Reviewer_1277,3
1278,Reviewer_1278,3
1279,Reviewer_1279,3
1280,Reviewer_1280,2
1281,Reviewer_1281,3
1282,Reviewer_1282,3
1283,Reviewer_1283,1
1284,Reviewer_1284,1
1285,Reviewer_1285,2
1286,Reviewer_1286,2
1287,Reviewer_1287,3
1288,Reviewer_1288,1
1289,Reviewer_1289,1
1290,Reviewer_1290,2
1291,Reviewer_1291,3
1292,Reviewer_1292,1
1293,Reviewer_1293,2
1294,Reviewer_1294,1
1295,Reviewer_1295,2
1296,Reviewer_1296,1
1297,Reviewer_1297,1
1298,Reviewer_1298,1
1299,Reviewer_1299,3
1300,Reviewer_1300,2
1301,Reviewer_1301,2
1302,Reviewer_1302,1
1303,Reviewer_1303,3
1304,Reviewer_1304,3
1305,Reviewer_1305,2
1306,Reviewer_1306,1
1307,Reviewer_1307,1
1308,Reviewer_1308,2
1309,Reviewer_1309,3
1310,Reviewer_1310,3
1311,Reviewer_1311,1
1312,Reviewer_1312,3
1313,Reviewer_1313,2
1314,Reviewer_1314,1
1315,Reviewer_1315,1
1316,Reviewer_1316,2
1317,Reviewer_1317,3
1318,Reviewer_1318,1
1319,Reviewer_1319,1
1320,Reviewer_1320,3
1321,Reviewer_1321,1
1322,Reviewer_1322,3
1323,Reviewer_1323,3
1324,Reviewer_1324,2
1325,Reviewer_1325,3
1326,Reviewer_1326,2
1327,Reviewer_1327,2
1328,Reviewer_1328,1
1329,Reviewer_1329,2
1330,Reviewer_1330,2
1331,Reviewer_1331,3
1332,Reviewer_1332,3
1333,Reviewer_1333,1
1334,Reviewer_1334,3
1335,Reviewer_1335,3
1336,Reviewer_1336,3
1337,Reviewer_1337,3
1338,Reviewer_1338,3
1339,Reviewer_1339,1
1340,Reviewer_1340,2
1341,Reviewer_1341,2
1342,Reviewer_1342,3
1343,Reviewer_1343,1
1344,Reviewer_1344,2
1345,Reviewer_1345,2
1346,Reviewer_1346,3
1347,Reviewer_1347,1
1348,Reviewer_1348,2
1349,Reviewer_1349,2
1350,Reviewer_1350,3
1351,Reviewer_1351,3
1352,Reviewer_1352,3
1353,Reviewer_1353,3
1354,Reviewer_1354,2
1355,Reviewer_1355,2
1356,Reviewer_1356,1
1357,Reviewer_1357,1
1358,Reviewer_1358,1
1359,Reviewer_1359,2
1360,Reviewer_1360,3
1361,Reviewer_1361,1
1362,Reviewer_1362,3
1363,Reviewer_1363,1
1364,Reviewer_1364,2
1365,Reviewer_1365,2
1366,Reviewer_1366,3
1367,Reviewer_1367,2
1368,Reviewer_1368,1
1369,Reviewer_1369,1
1370,Reviewer_1370,2
1371,Reviewer_1371,1
1372,Reviewer_1372,2
1373,Reviewer_1373,1
1374,Reviewer_1374,2
1375,Reviewer_1375,3
1376,Reviewer_1376,3
1377,Reviewer_1377,1
1378,Reviewer_1378,2
1379,Reviewer_1379,3
1380,Reviewer_1380,2
1381,Reviewer_1381,1
1382,Reviewer_1382,2
1383,Reviewer_1383,2
1384,Reviewer_1384,2
1385,Reviewer_1385,3
1386,Reviewer_1386,2
1387,Reviewer_1387,2
1388,Reviewer_1388,2
1389,Reviewer_1389,3
1390,Reviewer_1390,2
1391,Reviewer_1391,3
1392,Reviewer_1392,2
1393,Reviewer_1393,3
1394,Reviewer_1394,1
1395,Reviewer_1395,1
1396,Reviewer_1396,1
1397,Reviewer_1397,3
1398,Reviewer_1398,2
1399,Reviewer_1399,1
1400,Reviewer_1400,1
1401,Reviewer_1401,2
1402,Reviewer_1402,3
1403,Reviewer_1403,2
1404,Reviewer_1404,3
1405,Reviewer_1405,2
1406,Reviewer_1406,2
1407,Reviewer_1407,3
1408,Reviewer_1408,1
1409,Reviewer_1409,3
1410,Reviewer_1410,3
1411,Reviewer_1411,2
1412,Reviewer_1412,2
1413,Reviewer_1413,3
1414,Reviewer_1414,2
1415,Reviewer_1415,3
1416,Reviewer_1416,2
1417,Reviewer_1417,1
1418,Reviewer_1418,3
1419,Reviewer_1419,3
1420,Reviewer_1420,1
1421,Reviewer_1421,1
1422,Reviewer_1422,3
1423,Reviewer_1423,2
1424,Reviewer_1424,2
1425,Reviewer_1425,2
1426,Reviewer_1426,3
1427,Reviewer_1427,1
1428,Reviewer_1428,1
1429,Reviewer_1429,1
1430,Reviewer_1430,3
1431,Reviewer_1431,2
1432,Reviewer_1432,1
1433,Reviewer_1433,3
1434,Reviewer_1434,1
1435,Reviewer_1435,2
1436,Reviewer_1436,2
1437,Reviewer_1437,3
1438,Reviewer_1438,3
1439,Reviewer_1439,3
1440,Reviewer_1440,3
1441,Reviewer_1441,2
1442,Reviewer_1442,2
1443,Reviewer_1443,3
1444,Reviewer_1444,1
1445,Reviewer_1445,2
1446,Reviewer_1446,3
1447,Reviewer_1447,1
1448,Reviewer_1448,3
1449,Reviewer_1449,3
1450,Reviewer_1450,2
1451,Reviewer_1451,3
1452,Reviewer_1452,2
1453,Reviewer_1453,2
1454,Reviewer_1454,2
1455,Reviewer_1455,3
1456,Reviewer_1456,1
1457,Reviewer_1457,3
1458,Reviewer_1458,2
1459,Reviewer_1459,1
1460,Reviewer_1460,2
1461,Reviewer_1461,2
1462,Reviewer_1462,1
1463,Reviewer_1463,3
1464,Reviewer_1464,1
1465,Reviewer_1465,2
1466,Reviewer_1466,1
1467,Reviewer_1467,2
1468,Reviewer_1468,1
1469,Reviewer_1469,1
1470,Reviewer_1470,1
1471,Reviewer_1471,2
1472,Reviewer_1472,3
1473,Reviewer_1473,3
1474,Reviewer_1474,1
1475,Reviewer_1475,3
1476,Reviewer_1476,1
1477,Reviewer_1477,2
1478,Reviewer_1478,2
1479,Reviewer_1479,2
1480,Reviewer_1480,3
1481,Reviewer_1481,3
1482,Reviewer_1482,1
1483,Reviewer_1483,3
1484,Reviewer_1484,3
1485,Reviewer_1485,1
1486,Reviewer_1486,3
1487,Reviewer_1487,1
1488,Reviewer_1488,2
1489,Reviewer_1489,3
1490,Reviewer_1490,1
1491,Reviewer_1491,2
1492,Reviewer_1492,3
1493,Reviewer_1493,1
1494,Reviewer_1494,2
1495,Reviewer_1495,3
1496,Reviewer_1496,1
1497,Reviewer_1497,2
1498,Reviewer_1498,3
1499,Reviewer_1499,3
1500,Reviewer_1500,3
1501,Reviewer_1501,3
1502,Reviewer_1502,1
1503,Reviewer_1503,1
1504,Reviewer_1504,2
1505,Reviewer_1505,3
1506,Reviewer_1506,3
1507,Reviewer_1507,1
1508,Reviewer_1508,1
1509,Reviewer_1509,2
1510,Reviewer_1510,3
1511,Reviewer_1511,1
1512,Reviewer_1512,3
1513,Reviewer_1513,3
1514,Reviewer_1514,1
1515,Reviewer_1515,1
1516,Reviewer_1516,3
1517,Reviewer_1517,3
1518,Reviewer_1518,2
1519,Reviewer_1519,1
1520,Reviewer_1520,1
1521,Reviewer_1521,3
1522,Reviewer_1522,2
1523,Reviewer_1523,3
1524,Reviewer_1524,2
1525,Reviewer_1525,1
1526,Reviewer_1526,3
1527,Reviewer_1527,1
1528,Reviewer_1528,3
1529,Reviewer_1529,1
1530,Reviewer_1530,1
1531,Reviewer_1531,3
1532,Reviewer_1532,2
1533,Reviewer_1533,1
1534,Reviewer_1534,1
1535,Reviewer_1535,1
1536,Reviewer_1536,1
1537,Reviewer_1537,3
1538,Reviewer_1538,3
1539,Reviewer_1539,2
1540,Reviewer_1540,2
1541,Reviewer_1541,1
1542,Reviewer_1542,3
1543,Reviewer_1543,1
1544,Reviewer_1544,2
1545,Reviewer_1545,3
1546,Reviewer_1546,1
1547,Reviewer_1547,1
1548,Reviewer_1548,2
1549,Reviewer_1549,1
1550,Reviewer_1550,2
1551,Reviewer_1551,1
1552,Reviewer_1552,2
1553,Reviewer_1553,1
1554,Reviewer_1554,1
1555,Reviewer_1555,3
1556,Reviewer_1556,3
1557,Reviewer_1557,1
1558,Reviewer_1558,3
1559,Reviewer_1559,2
1560,Reviewer_1560,2
1561,Reviewer_1561,3
1562,Reviewer_1562,1
1563,Reviewer_1563,3
1564,Reviewer_1564,2
1565,Reviewer_1565,1
1566,Reviewer_1566,3
1567,Reviewer_1567,2
1568,Reviewer_1568,3
1569,Reviewer_1569,1
1570,Reviewer_1570,3
1571,Reviewer_1571,3
1572,Reviewer_1572,3
1573,Reviewer_1573,2
1574,Reviewer_1574,1
1575,Reviewer_1575,2
1576,Reviewer_1576,2
1577,Reviewer_1577,3
1578,Reviewer_1578,2
1579,Reviewer_1579,2
1580,Reviewer_1580,3
1581,Reviewer_1581,1
1582,Reviewer_1582,2
1583,Reviewer_1583,3
1584,Reviewer_1584,2
1585,Reviewer_1585,3
1586,Reviewer_1586,2
1587,Reviewer_1587,3
1588,Reviewer_1588,2
1589,Reviewer_1589,2
1590,Reviewer_1590,3
1591,Reviewer_1591,1
1592,Reviewer_1592,2
1593,Reviewer_1593,2
1594,Reviewer_1594,3
1595,Reviewer_1595,3
1596,Reviewer_1596,3
1597,Reviewer_1597,2
1598,Reviewer_1598,3
1599,Reviewer_1599,2
1600,Reviewer_1600,1
1601,Reviewer_1601,1
1602,Reviewer_1602,2
1603,Reviewer_1603,1
1604,Reviewer_1604,2
1605,Reviewer_1605,3
1606,Reviewer_1606,2
1607,Reviewer_1607,2
1608,Reviewer_1608,1
1609,Reviewer_1609,1
1610,Reviewer_1610,1
1611,Reviewer_1611,2
1612,Reviewer_1612,3
1613,Reviewer_1613,2
1614,Reviewer_1614,1
1615,Reviewer_1615,2
1616,Reviewer_1616,2
1617,Reviewer_1617,3
1618,Reviewer_1618,3
1619,Reviewer_1619,3
1620,Reviewer_1620,1
1621,Reviewer_1621,1
1622,Reviewer_1622,1
1623,Reviewer_1623,1
1624,Reviewer_1624,1
1625,Reviewer_1625,2
1626,Reviewer_1626,3
1627,Reviewer_1627,2
1628,Reviewer_1628,2
1629,Reviewer_1629,3
1630,Reviewer_1630,2
1631,Reviewer_1631,1
1632,Reviewer_1632,3
1633,Reviewer_1633,2
1634,Reviewer_1634,3
1635,Reviewer_1635,1
1636,Reviewer_1636,3
1637,Reviewer_1637,3
1638,Reviewer_1638,1
1639,Reviewer_1639,2
1640,Reviewer_1640,1
1641,Reviewer_1641,1
1642,Reviewer_1642,2
1643,Reviewer_1643,1
1644,Reviewer_1644,1
1645,Reviewer_1645,3
1646,Reviewer_1646,3
1647,Reviewer_1647,1
1648,Reviewer_1648,2
1649,Reviewer_1649,3
1650,Reviewer_1650,2
1651,Reviewer_1651,3
1652,Reviewer_1652,3
1653,Reviewer_1653,2
1654,Reviewer_1654,3
1655,Reviewer_1655,2
1656,Reviewer_1656,1
1657,Reviewer_1657,2
1658,Reviewer_1658,2
1659,Reviewer_1659,2
1660,Reviewer_1660,2
1661,Reviewer_1661,1
1662,Reviewer_1662,2
1663,Reviewer_1663,2
1664,Reviewer_1664,3
1665,Reviewer_1665,2
1666,Reviewer_1666,3
1667,Reviewer_1667,2
1668,Reviewer_1668,2
1669,Reviewer_1669,2
1670,Reviewer_1670,2
1671,Reviewer_1671,3
1672,Reviewer_1672,2
1673,Reviewer_1673,2
1674,Reviewer_1674,1
1675,Reviewer_1675,2
1676,Reviewer_1676,1
1677,Reviewer_1677,2
1678,Reviewer_1678,2
1679,Reviewer_1679,3
1680,Reviewer_1680,1
1681,Reviewer_1681,2
1682,Reviewer_1682,2
1683,Reviewer_1683,1
1684,Reviewer_1684,3
1685,Reviewer_1685,1
1686,Reviewer_1686,1
1687,Reviewer_1687,3
1688,Reviewer_1688,3
1689,Reviewer_1689,2
1690,Reviewer_1690,2
1691,Reviewer_1691,2
1692,Reviewer_1692,1
1693,Reviewer_1693,2
1694,Reviewer_1694,2
1695,Reviewer_1695,2
1696,Reviewer_1696,2
1697,Reviewer_1697,3
1698,Reviewer_1698,3
1699,Reviewer_1699,3
1700,Reviewer_1700,1
1701,Reviewer_1701,1
1702,Reviewer_1702,3
1703,Reviewer_1703,3
1704,Reviewer_1704,2
1705,Reviewer_1705,2
1706,Reviewer_1706,1
1707,Reviewer_1707,1
1708,Reviewer_1708,1
1709,Reviewer_1709,1
1710,Reviewer_1710,2
1711,Reviewer_1711,3
1712,Reviewer_1712,2
1713,Reviewer_1713,3
1714,Reviewer_1714,3
1715,Reviewer_1715,2
1716,Reviewer_1716,1
1717,Reviewer_1717,3
1718,Reviewer_1718,2
1719,Reviewer_1719,3
1720,Reviewer_1720,3
1721,Reviewer_1721,2
1722,Reviewer_1722,1
1723,Reviewer_1723,2
1724,Reviewer_1724,3
1725,Reviewer_1725,3
1726,Reviewer_1726,2
1727,Reviewer_1727,1
1728,Reviewer_1728,1
1729,Reviewer_1729,1
1730,Reviewer_1730,3
1731,Reviewer_1731,2
1732,Reviewer_1732,2
1733,Reviewer_1733,3
1734,Reviewer_1734,2
1735,Reviewer_1735,2
1736,Reviewer_1736,2
1737,Reviewer_1737,1
1738,Reviewer_1738,2
1739,Reviewer_1739,1
1740,Reviewer_1740,3
1741,Reviewer_1741,1
1742,Reviewer_1742,2
1743,Reviewer_1743,3
1744,Reviewer_1744,2
1745,Reviewer_1745,1
1746,Reviewer_1746,1
1747,Reviewer_1747,3
1748,Reviewer_1748,2
1749,Reviewer_1749,3
1750,Reviewer_1750,1
1751,Reviewer_1751,3
1752,Reviewer_1752,1
1753,Reviewer_1753,2
1754,Reviewer_1754,1
1755,Reviewer_1755,2
1756,Reviewer_1756,3
1757,Reviewer_1757,3
1758,Reviewer_1758,3
1759,Reviewer_1759,2
1760,Reviewer_1760,3
1761,Reviewer_1761,3
1762,Reviewer_1762,2
1763,Reviewer_1763,3
1764,Reviewer_1764,1
1765,Reviewer_1765,1
1766,Reviewer_1766,1
1767,Reviewer_1767,3
1768,Reviewer_1768,3
1769,Reviewer_1769,3
1770,Reviewer_1770,2
1771,Reviewer_1771,2
1772,Reviewer_1772,2
1773,Reviewer_1773,3
1774,Reviewer_1774,1
1775,Reviewer_1775,1
1776,Reviewer_1776,2
1777,Reviewer_1777,2
1778,Reviewer_1778,1
1779,Reviewer_1779,2
1780,Reviewer_1780,2
1781,Reviewer_1781,2
1782,Reviewer_1782,1
1783,Reviewer_1783,3
1784,Reviewer_1784,3
1785,Reviewer_1785,2
1786,Reviewer_1786,2
1787,Reviewer_1787,3
1788,Reviewer_1788,3
1789,Reviewer_1789,1
1790,Reviewer_1790,1
1791,Reviewer_1791,1
1792,Reviewer_1792,3
1793,Reviewer_1793,2
1794,Reviewer_1794,2
1795,Reviewer_1795,2
1796,Reviewer_1796,2
1797,Reviewer_1797,1
1798,Reviewer_1798,3
1799,Reviewer_1799,1
1800,Reviewer_1800,3
1801,Reviewer_1801,27
1802,Reviewer_1802,5
1803,Reviewer_1803,40
1804,Reviewer_1804,31
1805,Reviewer_1805,6
1806,Reviewer_1806,36
1807,Reviewer_1807,24
1808,Reviewer_1808,38
1809,Reviewer_1809,35
1810,Reviewer_1810,22
1811,Reviewer_1811,40
1812,Reviewer_1812,25
1813,Reviewer_1813,44
1814,Reviewer_1814,8
1815,Reviewer_1815,8
1816,Reviewer_1816,40
1817,Reviewer_1817,9
1818,Reviewer_1818,39
1819,Reviewer_1819,11
1820,Reviewer_1820,38
1821,Reviewer_1821,14
1822,Reviewer_1822,36
1823,Reviewer_1823,9
1824,Reviewer_1824,40
1825,Reviewer_1825,33
1826,Reviewer_1826,43
1827,Reviewer_1827,45
1828,Reviewer_1828,16
1829,Reviewer_1829,8
1830,Reviewer_1830,47
1831,Reviewer_1831,31
1832,Reviewer_1832,21
1833,Reviewer_1833,33
1834,Reviewer_1834,32
1835,Reviewer_1835,13
1836,Reviewer_1836,45
1837,Reviewer_1837,25
1838,Reviewer_1838,8
1839,Reviewer_1839,15
1840,Reviewer_1840,45
1841,Reviewer_1841,40
1842,Reviewer_1842,25
1843,Reviewer_1843,33
1844,Reviewer_1844,37
1845,Reviewer_1845,48
1846,Reviewer_1846,31
1847,Reviewer_1847,5
1848,Reviewer_1848,29
1849,Reviewer_1849,40
1850,Reviewer_1850,22
1851,Reviewer_1851,4
1852,Reviewer_1852,43
1853,Reviewer_1853,28
1854,Reviewer_1854,5
1855,Reviewer_1855,4
1856,Reviewer_1856,18
1857,Reviewer_1857,24
1858,Reviewer_1858,31
1859,Reviewer_1859,13
1860,Reviewer_1860,20
1861,Reviewer_1861,18
1862,Reviewer_1862,41
1863,Reviewer_1863,47
1864,Reviewer_1864,24
1865,Reviewer_1865,38
1866,Reviewer_1866,33
1867,Reviewer_1867,45
1868,Reviewer_1868,46
1869,Reviewer_1869,16
1870,Reviewer_1870,40
1871,Reviewer_1871,26
1872,Reviewer_1872,49
1873,Reviewer_1873,40
1874,Reviewer_1874,13
1875,Reviewer_1875,16
1876,Reviewer_1876,13
1877,Reviewer_1877,17
1878,Reviewer_1878,23
1879,Reviewer_1879,15
1880,Reviewer_1880,10
1881,Reviewer_1881,5
1882,Reviewer_1882,38
1883,Reviewer_1883,42
1884,Reviewer_1884,6
1885,Reviewer_1885,12
1886,Reviewer_1886,38
1887,Reviewer_1887,26
1888,Reviewer_1888,8
1889,Reviewer_1889,24
1890,Reviewer_1890,24
1891,Reviewer_1891,18
1892,Reviewer_1892,46
1893,Reviewer_1893,17
1894,Reviewer_1894,16
1895,Reviewer_1895,23
1896,Reviewer_1896,14
1897,Reviewer_1897,31
1898,Reviewer_1898,21
1899,Reviewer_1899,18
1900,Reviewer_1900,17
1901,Reviewer_1901,26
1902,Reviewer_1902,5
1903,Reviewer_1903,12
1904,Reviewer_1904,32
1905,Reviewer_1905,11
1906,Reviewer_1906,28
1907,Reviewer_1907,5
1908,Reviewer_1908,32
1909,Reviewer_1909,17
1910,Reviewer_1910,28
1911,Reviewer_1911,7
1912,Reviewer_1912,32
1913,Reviewer_1913,32
1914,Reviewer_1914,29
1915,Reviewer_1915,16
1916,Reviewer_1916,17
1917,Reviewer_1917,28
1918,Reviewer_1918,41
1919,Reviewer_1919,11
1920,Reviewer_1920,9
1921,Reviewer_1921,15
1922,Reviewer_1922,36
1923,Reviewer_1923,41
1924,Reviewer_1924,50
1925,Reviewer_1925,37
1926,Reviewer_1926,11
1927,Reviewer_1927,14
1928,Reviewer_1928,17
1929,Reviewer_1929,11
1930,Reviewer_1930,35
1931,Reviewer_1931,42
1932,Reviewer_1932,26
1933,Reviewer_1933,24
1934,Reviewer_1934,30
1935,Reviewer_1935,16
1936,Reviewer_1936,17
1937,Reviewer_1937,9
1938,Reviewer_1938,36
1939,Reviewer_1939,27
1940,Reviewer_1940,34
1941,Reviewer_1941,20
1942,Reviewer_1942,36
1943,Reviewer_1943,11
1944,Reviewer_1944,33
1945,Reviewer_1945,5
1946,Reviewer_1946,4
1947,Reviewer_1947,28
1948,Reviewer_1948,30
1949,Reviewer_1949,29
1950,Reviewer_1950,10
1951,Reviewer_1951,26
1952,Reviewer_1952,27
1953,Reviewer_1953,23
1954,Reviewer_1954,8
1955,Reviewer_1955,31
1956,Reviewer_1956,45
1957,Reviewer_1957,23
1958,Reviewer_1958,18
1959,Reviewer_1959,48
1960,Reviewer_1960,9
1961,Reviewer_1961,45
1962,Reviewer_1962,45
1963,Reviewer_1963,28
1964,Reviewer_1964,34
1965,Reviewer_1965,5
1966,Reviewer_1966,21
1967,Reviewer_1967,50
1968,Reviewer_1968,45
1969,Reviewer_1969,24
1970,Reviewer_1970,6
1971,Reviewer_1971,13
1972,Reviewer_1972,19
1973,Reviewer_1973,15
1974,Reviewer_1974,40
1975,Reviewer_1975,4
1976,Reviewer_1976,12
1977,Reviewer_1977,37
1978,Reviewer_1978,13
1979,Reviewer_1979,12
1980,Reviewer_1980,48
1981,Reviewer_1981,34
1982,Reviewer_1982,6
1983,Reviewer_1983,7
1984,Reviewer_1984,42
1985,Reviewer_1985,17
1986,Reviewer_1986,46
1987,Reviewer_1987,22
1988,Reviewer_1988,27
1989,Reviewer_1989,43
1990,Reviewer_1990,30
1991,Reviewer_1991,14
1992,Reviewer_1992,30
1993,Reviewer_1993,15
1994,Reviewer_1994,15
1995,Reviewer_1995,37
1996,Reviewer_1996,13
1997,Reviewer_1997,46
1998,Reviewer_1998,15
1999,Reviewer_1999,27
2000,Reviewer_2000,11
